INSERT INTO e_code.code_2_level (id, level_id, code_id) VALUES (186, 36, 53);
INSERT INTO e_code.code_2_level (id, level_id, code_id) VALUES (187, 36, 57);
INSERT INTO e_code.code_2_level (id, level_id, code_id) VALUES (188, 36, 54);
INSERT INTO e_code.code_2_level (id, level_id, code_id) VALUES (189, 36, 55);
INSERT INTO e_code.code_2_level (id, level_id, code_id) VALUES (190, 36, 56);
INSERT INTO e_code.code_2_level (id, level_id, code_id) VALUES (191, 36, 58);
INSERT INTO e_code.code_2_level (id, level_id, code_id) VALUES (192, 36, 59);
INSERT INTO e_code.code_2_level (id, level_id, code_id) VALUES (44, 22, 50);
INSERT INTO e_code.code_2_level (id, level_id, code_id) VALUES (91, 22, 49);
INSERT INTO e_code.code_2_level (id, level_id, code_id) VALUES (96, 22, 48);
INSERT INTO e_code.code_2_level (id, level_id, code_id) VALUES (106, 22, 46);
INSERT INTO e_code.code_2_level (id, level_id, code_id) VALUES (125, 22, 51);
INSERT INTO e_code.code_2_level (id, level_id, code_id) VALUES (128, 22, 47);
INSERT INTO e_code.code_2_level (id, level_id, code_id) VALUES (133, 22, 52);INSERT INTO e_code.code_list (id, caption, code_type, code_tags, code_values_info, code_inner_id) VALUES (53, null, 'SIMPLE', null, 'one', '1');
INSERT INTO e_code.code_list (id, caption, code_type, code_tags, code_values_info, code_inner_id) VALUES (57, null, 'SIMPLE', null, 'two', '2');
INSERT INTO e_code.code_list (id, caption, code_type, code_tags, code_values_info, code_inner_id) VALUES (54, null, 'SIMPLE', null, 'three', '3');
INSERT INTO e_code.code_list (id, caption, code_type, code_tags, code_values_info, code_inner_id) VALUES (55, null, 'SIMPLE', null, 'four', '4');
INSERT INTO e_code.code_list (id, caption, code_type, code_tags, code_values_info, code_inner_id) VALUES (56, null, 'SIMPLE', null, 'five', '5');
INSERT INTO e_code.code_list (id, caption, code_type, code_tags, code_values_info, code_inner_id) VALUES (58, null, 'SIMPLE', null, 'six', '6');
INSERT INTO e_code.code_list (id, caption, code_type, code_tags, code_values_info, code_inner_id) VALUES (59, null, 'TECH', null, 'qwerty', 'qwerty');
INSERT INTO e_code.code_list (id, caption, code_type, code_tags, code_values_info, code_inner_id) VALUES (46, '1', 'SIMPLE', null, '4КОРОЛЕВИЧ', '1');
INSERT INTO e_code.code_list (id, caption, code_type, code_tags, code_values_info, code_inner_id) VALUES (47, '2', 'SIMPLE', null, '1ЦАРЬ', '2');
INSERT INTO e_code.code_list (id, caption, code_type, code_tags, code_values_info, code_inner_id) VALUES (48, '3', 'SIMPLE', null, '2ЦАРЕВИЧ', '3');
INSERT INTO e_code.code_list (id, caption, code_type, code_tags, code_values_info, code_inner_id) VALUES (49, '4', 'SIMPLE', null, '5САПОЖНИК|САПОЖНИК5', '4');
INSERT INTO e_code.code_list (id, caption, code_type, code_tags, code_values_info, code_inner_id) VALUES (50, '5', 'SIMPLE', null, '3КОРОЛЬ', '5');
INSERT INTO e_code.code_list (id, caption, code_type, code_tags, code_values_info, code_inner_id) VALUES (51, '6', 'SIMPLE', null, '6ПОРТНОЙ|ПОРТНОЙ6', '6');
INSERT INTO e_code.code_list (id, caption, code_type, code_tags, code_values_info, code_inner_id) VALUES (52, '7', 'SIMPLE', null, '7LOOSER|L8', '7');INSERT INTO e_code.code_result_value_list (id, code_id, result_code, result_type, result_value) VALUES (155, 53, 'POINTS', 'SIMPLE', '1');
INSERT INTO e_code.code_result_value_list (id, code_id, result_code, result_type, result_value) VALUES (156, 57, 'POINTS', 'SIMPLE', '1');
INSERT INTO e_code.code_result_value_list (id, code_id, result_code, result_type, result_value) VALUES (105, 46, 'DURATION', 'PENALTY', '300');
INSERT INTO e_code.code_result_value_list (id, code_id, result_code, result_type, result_value) VALUES (106, 46, '_GAME_POINTS', 'SIMPLE', '5');
INSERT INTO e_code.code_result_value_list (id, code_id, result_code, result_type, result_value) VALUES (107, 46, 'POINTS', 'SIMPLE', '1');
INSERT INTO e_code.code_result_value_list (id, code_id, result_code, result_type, result_value) VALUES (108, 47, 'POINTS', 'SIMPLE', '1');
INSERT INTO e_code.code_result_value_list (id, code_id, result_code, result_type, result_value) VALUES (109, 48, 'POINTS', 'SIMPLE', '1');
INSERT INTO e_code.code_result_value_list (id, code_id, result_code, result_type, result_value) VALUES (110, 49, 'POINTS', 'SIMPLE', '1');
INSERT INTO e_code.code_result_value_list (id, code_id, result_code, result_type, result_value) VALUES (111, 50, 'POINTS', 'SIMPLE', '1');
INSERT INTO e_code.code_result_value_list (id, code_id, result_code, result_type, result_value) VALUES (112, 51, 'DURATION', 'PENALTY', '240');
INSERT INTO e_code.code_result_value_list (id, code_id, result_code, result_type, result_value) VALUES (113, 51, 'POINTS', 'SIMPLE', '1');
INSERT INTO e_code.code_result_value_list (id, code_id, result_code, result_type, result_value) VALUES (114, 52, 'DURATION', 'PENALTY', '120');
INSERT INTO e_code.code_result_value_list (id, code_id, result_code, result_type, result_value) VALUES (115, 52, 'POINTS', 'SIMPLE', '1');INSERT INTO e_code.code_value_list (id, code_id, value_type, code_value) VALUES (158, 46, 'SIMPLE', '4КОРОЛЕВИЧ');
INSERT INTO e_code.code_value_list (id, code_id, value_type, code_value) VALUES (159, 47, 'SIMPLE', '1ЦАРЬ');
INSERT INTO e_code.code_value_list (id, code_id, value_type, code_value) VALUES (160, 48, 'SIMPLE', '2ЦАРЕВИЧ');
INSERT INTO e_code.code_value_list (id, code_id, value_type, code_value) VALUES (161, 49, 'SIMPLE', '5САПОЖНИК');
INSERT INTO e_code.code_value_list (id, code_id, value_type, code_value) VALUES (162, 49, 'SIMPLE', 'САПОЖНИК5');
INSERT INTO e_code.code_value_list (id, code_id, value_type, code_value) VALUES (163, 50, 'SIMPLE', '3КОРОЛЬ');
INSERT INTO e_code.code_value_list (id, code_id, value_type, code_value) VALUES (164, 51, 'SIMPLE', '6ПОРТНОЙ');
INSERT INTO e_code.code_value_list (id, code_id, value_type, code_value) VALUES (165, 51, 'SIMPLE', 'ПОРТНОЙ6');
INSERT INTO e_code.code_value_list (id, code_id, value_type, code_value) VALUES (166, 52, 'SIMPLE', '7LOOSER');
INSERT INTO e_code.code_value_list (id, code_id, value_type, code_value) VALUES (167, 52, 'SIMPLE', 'L8');
INSERT INTO e_code.code_value_list (id, code_id, value_type, code_value) VALUES (216, 53, 'SIMPLE', 'one');
INSERT INTO e_code.code_value_list (id, code_id, value_type, code_value) VALUES (217, 57, 'SIMPLE', 'two');
INSERT INTO e_code.code_value_list (id, code_id, value_type, code_value) VALUES (218, 54, 'SIMPLE', 'three');
INSERT INTO e_code.code_value_list (id, code_id, value_type, code_value) VALUES (219, 55, 'SIMPLE', 'four');
INSERT INTO e_code.code_value_list (id, code_id, value_type, code_value) VALUES (220, 56, 'SIMPLE', 'five');
INSERT INTO e_code.code_value_list (id, code_id, value_type, code_value) VALUES (221, 58, 'SIMPLE', 'six');
INSERT INTO e_code.code_value_list (id, code_id, value_type, code_value) VALUES (222, 59, 'SIMPLE', 'qwerty');INSERT INTO e_code.game_author_list (id, game_id, author_id, author_role) VALUES (1, 19, 8, 'владелец');
INSERT INTO e_code.game_author_list (id, game_id, author_id, author_role) VALUES (2, 20, 8, 'CREATOR');INSERT INTO e_code.game_list (id, caption, game_yaml, creation_date, game_state, game_type) VALUES (20, 'First', null, '2020-04-18 13:30:13.509574', 'WORKING', null);
INSERT INTO e_code.game_list (id, caption, game_yaml, creation_date, game_state, game_type) VALUES (19, 'Тестовая!', 'игра:
  id: 19
  переменные:
    - атака
    - защита
уровни:
  - id: 22
    порядок: null
  - id: 23
    порядок: null
    условия:
      очки: 2
    уровни:
      - id: 24
        порядок: 0
      - id: 25
        порядок: 0
      - id: 26
        порядок: 0
        уровни:
          - id: 27
            порядок: null
          - id: 28
            порядок: null
          - id: 29
            порядок: null
  - id: 30
    порядок: null
    уровни:
      - id: 31
        порядок: 0
      - id: 32
        порядок: 0
        уровни:
          - id: 33
            порядок: 0
          - id: 34
            порядок: 0', null, null, 'Simple');INSERT INTO e_code.game_team_info (id, game_id, team_id, level_script, accepted) VALUES (2, -19, 2, 'игра:
  id: 19
  переменные:
    - атака
    - защита
уровни:
  - id: 22
    порядок: 1
  - id: 23
    порядок: 2
    условия:
      очки: 2
    уровни:
      - id: 24
        порядок: 0
      - id: 25
        порядок: 0
      - id: 26
        порядок: 0
        уровни:
          - id: 27
            порядок: 1
          - id: 28
            порядок: 2
          - id: 29
            порядок: 3
  - id: 30
    порядок: 3
    уровни:
      - id: 31
        порядок: 0
      - id: 32
        порядок: 0
        уровни:
          - id: 33
            порядок: 0
          - id: 34
            порядок: 0', 0);
INSERT INTO e_code.game_team_info (id, game_id, team_id, level_script, accepted) VALUES (1, 19, 1, 'игра:
  id: 19
  переменные:
    - атака
    - защита
уровни:
  - id: 22
    порядок: 1
  - id: 23
    порядок: 2
    условия:
      очки: 2
    уровни:
      - id: 24
        порядок: 0
      - id: 25
        порядок: 0
      - id: 26
        порядок: 0
        уровни:
          - id: 27
            порядок: 1
          - id: 28
            порядок: 2
          - id: 29
            порядок: 3
  - id: 30
    порядок: 3
    уровни:
      - id: 31
        порядок: 0
      - id: 32
        порядок: 0
        уровни:
          - id: 33
            порядок: 0
          - id: 34
            порядок: 0', 1);
INSERT INTO e_code.game_team_info (id, game_id, team_id, level_script, accepted) VALUES (3, 19, 2, null, 0);
INSERT INTO e_code.game_team_info (id, game_id, team_id, level_script, accepted) VALUES (5, 20, 2, null, 1);INSERT INTO e_code.info_condition_list (id, info_id, condition_code, condition_type, condition_value, is_fail) VALUES (3, 3, 'DURATION', 'NUMBER', '300', 0);
INSERT INTO e_code.info_condition_list (id, info_id, condition_code, condition_type, condition_value, is_fail) VALUES (2, 2, 'DURATION', 'NUMBER', '10', 0);
INSERT INTO e_code.info_condition_list (id, info_id, condition_code, condition_type, condition_value, is_fail) VALUES (4, 4, 'DURATION', 'NUMBER', '0', 0);
INSERT INTO e_code.info_condition_list (id, info_id, condition_code, condition_type, condition_value, is_fail) VALUES (8, 5, 'DURATION', 'NUMBER', '0', 0);
INSERT INTO e_code.info_condition_list (id, info_id, condition_code, condition_type, condition_value, is_fail) VALUES (1, 1, 'DURATION', 'NUMBER', '3673', 0);
INSERT INTO e_code.info_condition_list (id, info_id, condition_code, condition_type, condition_value, is_fail) VALUES (9, 6, 'DURATION', 'NUMBER', '0', 0);
INSERT INTO e_code.info_condition_list (id, info_id, condition_code, condition_type, condition_value, is_fail) VALUES (10, 7, 'DURATION', 'NUMBER', '0', 0);
INSERT INTO e_code.info_condition_list (id, info_id, condition_code, condition_type, condition_value, is_fail) VALUES (12, 8, 'REQUEST_CODE', 'GAME_LINK', 'qwerty', 0);
INSERT INTO e_code.info_condition_list (id, info_id, condition_code, condition_type, condition_value, is_fail) VALUES (11, 8, 'DURATION', 'NUMBER', '0', 0);
INSERT INTO e_code.info_condition_list (id, info_id, condition_code, condition_type, condition_value, is_fail) VALUES (13, 8, 'REQUEST_CODE', 'GAME_LINK', 'qwerty', 0);INSERT INTO e_code.info_list (id, info_caption, info_text, level_id, inner_id, condition_script) VALUES (3, 'Уровень 01, 03', 'Вбивайте в код указанные выше звания', 22, null, null);
INSERT INTO e_code.info_list (id, info_caption, info_text, level_id, inner_id, condition_script) VALUES (4, 'Уровень 01, примечания', 'Всего кодов 6. Всё просто', 22, null, null);
INSERT INTO e_code.info_list (id, info_caption, info_text, level_id, inner_id, condition_script) VALUES (2, 'Уровень 01, 02', '<div>Кто ты будешь такой</div>
<div>Говори поскорей</div>
<div>Не задерживай добрых</div>
<div>И честных людей</div>', 22, null, null);
INSERT INTO e_code.info_list (id, info_caption, info_text, level_id, inner_id, condition_script) VALUES (1, 'Уровень 01, 01', '<div>На золотом крыльце сидели</div>
<div>Царь царевич король королевич</div>
<div>Сапожник портной</div>', 22, 'TEST', null);
INSERT INTO e_code.info_list (id, info_caption, info_text, level_id, inner_id, condition_script) VALUES (6, null, '<div>Just ten numbers</div>', 36, null, null);
INSERT INTO e_code.info_list (id, info_caption, info_text, level_id, inner_id, condition_script) VALUES (8, null, '<div>Help!</div>', 36, 'second', null);INSERT INTO e_code.level_condition_list (id, level_id, condition_code, condition_type, condition_value, is_fail) VALUES (24, 27, 'POINTS', '>=', '2', 0);
INSERT INTO e_code.level_condition_list (id, level_id, condition_code, condition_type, condition_value, is_fail) VALUES (18, 22, 'POINTS', '>=', '5', 0);
INSERT INTO e_code.level_condition_list (id, level_id, condition_code, condition_type, condition_value, is_fail) VALUES (19, 24, 'DURATION', '>=', '60000', 1);
INSERT INTO e_code.level_condition_list (id, level_id, condition_code, condition_type, condition_value, is_fail) VALUES (17, 22, 'DURATION', '>=', '9600', 1);
INSERT INTO e_code.level_condition_list (id, level_id, condition_code, condition_type, condition_value, is_fail) VALUES (22, 25, 'POINTS', '>=', '13', 0);
INSERT INTO e_code.level_condition_list (id, level_id, condition_code, condition_type, condition_value, is_fail) VALUES (23, 27, 'DURATION', '>=', '60000', 1);
INSERT INTO e_code.level_condition_list (id, level_id, condition_code, condition_type, condition_value, is_fail) VALUES (20, 24, 'POINTS', '>=', '7', 0);
INSERT INTO e_code.level_condition_list (id, level_id, condition_code, condition_type, condition_value, is_fail) VALUES (21, 25, 'DURATION', '>=', '60000', 1);INSERT INTO e_code.level_list (id, caption, game_id, level_type, inner_id, condition_script, failed_condition_script) VALUES (26, 'Уровень 05', 19, 'AGGREGATE', '05', null, null);
INSERT INTO e_code.level_list (id, caption, game_id, level_type, inner_id, condition_script, failed_condition_script) VALUES (29, 'Уровень 08', 19, null, '08', null, null);
INSERT INTO e_code.level_list (id, caption, game_id, level_type, inner_id, condition_script, failed_condition_script) VALUES (34, 'Уровень 13', 19, null, '13', null, null);
INSERT INTO e_code.level_list (id, caption, game_id, level_type, inner_id, condition_script, failed_condition_script) VALUES (23, 'Уровень 02', 19, 'AGGREGATE', '02', null, null);
INSERT INTO e_code.level_list (id, caption, game_id, level_type, inner_id, condition_script, failed_condition_script) VALUES (27, 'Уровень 06', 19, null, '06', null, null);
INSERT INTO e_code.level_list (id, caption, game_id, level_type, inner_id, condition_script, failed_condition_script) VALUES (24, 'Уровень 03', 19, null, '03', null, null);
INSERT INTO e_code.level_list (id, caption, game_id, level_type, inner_id, condition_script, failed_condition_script) VALUES (28, 'Уровень 07', 19, null, '07', null, null);
INSERT INTO e_code.level_list (id, caption, game_id, level_type, inner_id, condition_script, failed_condition_script) VALUES (31, 'Уровень 10', 19, null, '10', null, null);
INSERT INTO e_code.level_list (id, caption, game_id, level_type, inner_id, condition_script, failed_condition_script) VALUES (25, 'Уровень 04', 19, null, '04', null, null);
INSERT INTO e_code.level_list (id, caption, game_id, level_type, inner_id, condition_script, failed_condition_script) VALUES (32, 'Уровень 11', 19, 'AGGREGATE', '11', null, null);
INSERT INTO e_code.level_list (id, caption, game_id, level_type, inner_id, condition_script, failed_condition_script) VALUES (30, 'Уровень 09', 19, 'AGGREGATE', '09', null, null);
INSERT INTO e_code.level_list (id, caption, game_id, level_type, inner_id, condition_script, failed_condition_script) VALUES (33, 'Уровень 12', 19, null, '12', null, null);
INSERT INTO e_code.level_list (id, caption, game_id, level_type, inner_id, condition_script, failed_condition_script) VALUES (22, 'Уровень 01', 19, null, '01', null, null);
INSERT INTO e_code.level_list (id, caption, game_id, level_type, inner_id, condition_script, failed_condition_script) VALUES (36, null, 20, null, null, null, null);
INSERT INTO e_code.level_list (id, caption, game_id, level_type, inner_id, condition_script, failed_condition_script) VALUES (37, null, 20, null, null, null, null);
INSERT INTO e_code.level_list (id, caption, game_id, level_type, inner_id, condition_script, failed_condition_script) VALUES (40, null, 20, null, null, null, null);INSERT INTO e_code.level_result_value_list (id, level_id, result_code, result_type, result_value, is_fail) VALUES (5, 22, 'DURATION', 'BONUS', '200', 0);
INSERT INTO e_code.level_result_value_list (id, level_id, result_code, result_type, result_value, is_fail) VALUES (1, 22, 'DURATION', 'PENALTY', '1000', 1);INSERT INTO e_code.player_auth (id, session_id, player_id, date_start, date_expire, num_of_devices) VALUES (1, 'b6923f23f2db28b8e3b579cf6460c0a8eba3fec9766af387f07eaee362a0', 8, '2020-03-31 10:22:42.294543', null, 1);
INSERT INTO e_code.player_auth (id, session_id, player_id, date_start, date_expire, num_of_devices) VALUES (2, '07ccc7e64519e64bf204c91bccbff552fdea7893076fe14a6e07335cf5ce', 8, '2020-03-31 10:23:04.776408', null, 1);
INSERT INTO e_code.player_auth (id, session_id, player_id, date_start, date_expire, num_of_devices) VALUES (3, '9aed0dd0dd6671b981f4786a9288eeef3c89535899336b16d0792ac3cb11', 8, '2020-03-31 10:23:31.709030', null, 1);
INSERT INTO e_code.player_auth (id, session_id, player_id, date_start, date_expire, num_of_devices) VALUES (4, '67dbc634e6bb5e5858935572ba5a5a781bad3e5db72d7b04a7f26815d1dc', 8, '2020-03-31 10:23:56.509083', null, 1);
INSERT INTO e_code.player_auth (id, session_id, player_id, date_start, date_expire, num_of_devices) VALUES (5, '07bece8ff8e48ab968f2692fd006ff259102ffe4a1272cd9956a3289a1a6', 8, '2020-03-31 10:24:40.112951', null, 1);
INSERT INTO e_code.player_auth (id, session_id, player_id, date_start, date_expire, num_of_devices) VALUES (6, '3b25ed26557b5dac75162d1d4182dce769185a0145d0ef4c153e9c0b9033', 8, '2020-03-31 10:25:17.472756', null, 1);
INSERT INTO e_code.player_auth (id, session_id, player_id, date_start, date_expire, num_of_devices) VALUES (7, 'e57f6e27364221fcc7cd1eae18c80eae3146d7209347f875623ab2a0dd06', 8, '2020-03-31 10:25:44.105309', null, 1);
INSERT INTO e_code.player_auth (id, session_id, player_id, date_start, date_expire, num_of_devices) VALUES (8, '1cb2c774333a2ddc04213a7116f17dc44f90032d89d3a43271cdd4389f3e', 8, '2020-03-31 10:30:27.985574', null, 1);
INSERT INTO e_code.player_auth (id, session_id, player_id, date_start, date_expire, num_of_devices) VALUES (9, '5cd550d18b5001bc888101048db0fbfe06532b5bad314f7316491a5fe4ba', 8, '2020-03-31 10:37:02.924752', null, 1);
INSERT INTO e_code.player_auth (id, session_id, player_id, date_start, date_expire, num_of_devices) VALUES (10, '336182a34faae62b6f71e1445ec240b2f6d5ffab093d5dd36d12ec8be934', 8, '2020-03-31 10:38:06.444466', null, 1);
INSERT INTO e_code.player_auth (id, session_id, player_id, date_start, date_expire, num_of_devices) VALUES (11, 'b8258ab9afda2c3b19b4a5071f1858349d66c28af14daadbd35a15d92da0', 8, '2020-03-31 10:38:17.526581', null, 1);
INSERT INTO e_code.player_auth (id, session_id, player_id, date_start, date_expire, num_of_devices) VALUES (12, '23e590e0984ea13c07d51094d4eae2887bb1e15b4827bd3019e35331aa75', 8, '2020-03-31 10:38:28.455738', null, 1);
INSERT INTO e_code.player_auth (id, session_id, player_id, date_start, date_expire, num_of_devices) VALUES (13, '5da27def5ed38a0db05c7e9bd82dc50ef8bfdb66b7e78df41a736591ba32', 8, '2020-03-31 10:42:35.949324', null, 1);INSERT INTO e_code.player_list (id, player_login, player_pwd, player_salt, player_type, player_state, email) VALUES (8, 'semak', 'e8cf38a0556e3fc80a338bb2db15b6b1ee86b169cefc39c0052390b0fb1d5bb6', '8c2e7697e57d877a0c5c', 'HUMAN', null, 'semakmillev@gmail.com');INSERT INTO e_code.team_level_list (id, team_id, level_id, level_status, done) VALUES (6, 1, 23, 'PLANNED', 0);
INSERT INTO e_code.team_level_list (id, team_id, level_id, level_status, done) VALUES (7, 1, 24, 'PLANNED', 0);
INSERT INTO e_code.team_level_list (id, team_id, level_id, level_status, done) VALUES (8, 1, 25, 'PLANNED', 0);
INSERT INTO e_code.team_level_list (id, team_id, level_id, level_status, done) VALUES (9, 1, 26, 'PLANNED', 0);
INSERT INTO e_code.team_level_list (id, team_id, level_id, level_status, done) VALUES (11, 1, 28, 'PLANNED', 0);
INSERT INTO e_code.team_level_list (id, team_id, level_id, level_status, done) VALUES (12, 1, 29, 'PLANNED', 0);
INSERT INTO e_code.team_level_list (id, team_id, level_id, level_status, done) VALUES (13, 1, 30, 'PLANNED', 0);
INSERT INTO e_code.team_level_list (id, team_id, level_id, level_status, done) VALUES (14, 1, 31, 'PLANNED', 0);
INSERT INTO e_code.team_level_list (id, team_id, level_id, level_status, done) VALUES (15, 1, 32, 'PLANNED', 0);
INSERT INTO e_code.team_level_list (id, team_id, level_id, level_status, done) VALUES (16, 1, 33, 'PLANNED', 0);
INSERT INTO e_code.team_level_list (id, team_id, level_id, level_status, done) VALUES (17, 1, 34, 'PLANNED', 0);
INSERT INTO e_code.team_level_list (id, team_id, level_id, level_status, done) VALUES (10, 1, 27, 'PLANNED', 0);
INSERT INTO e_code.team_level_list (id, team_id, level_id, level_status, done) VALUES (5, 1, 22, 'PLANNED', 0);
INSERT INTO e_code.team_level_list (id, team_id, level_id, level_status, done) VALUES (18, 2, 23, 'PLANNED', 0);
INSERT INTO e_code.team_level_list (id, team_id, level_id, level_status, done) VALUES (19, 2, 24, 'PLANNED', 0);
INSERT INTO e_code.team_level_list (id, team_id, level_id, level_status, done) VALUES (20, 2, 25, 'PLANNED', 0);
INSERT INTO e_code.team_level_list (id, team_id, level_id, level_status, done) VALUES (21, 2, 26, 'PLANNED', 0);
INSERT INTO e_code.team_level_list (id, team_id, level_id, level_status, done) VALUES (22, 2, 28, 'PLANNED', 0);
INSERT INTO e_code.team_level_list (id, team_id, level_id, level_status, done) VALUES (23, 2, 29, 'PLANNED', 0);
INSERT INTO e_code.team_level_list (id, team_id, level_id, level_status, done) VALUES (24, 2, 30, 'PLANNED', 0);
INSERT INTO e_code.team_level_list (id, team_id, level_id, level_status, done) VALUES (25, 2, 31, 'PLANNED', 0);
INSERT INTO e_code.team_level_list (id, team_id, level_id, level_status, done) VALUES (26, 2, 32, 'PLANNED', 0);
INSERT INTO e_code.team_level_list (id, team_id, level_id, level_status, done) VALUES (27, 2, 33, 'PLANNED', 0);
INSERT INTO e_code.team_level_list (id, team_id, level_id, level_status, done) VALUES (28, 2, 34, 'PLANNED', 0);
INSERT INTO e_code.team_level_list (id, team_id, level_id, level_status, done) VALUES (29, 2, 27, 'PLANNED', 0);
INSERT INTO e_code.team_level_list (id, team_id, level_id, level_status, done) VALUES (30, 2, 22, 'PLANNED', 0);INSERT INTO e_code.team_player_role_list (id, team_id, player_id, player_role) VALUES (3, 2, 8, 'OWNER');
INSERT INTO e_code.team_player_role_list (id, team_id, player_id, player_role) VALUES (4, 3, 8, 'OWNER');INSERT INTO e_code.team (id, caption, creation_date) VALUES (1, 'Первая', '2020-02-25 18:01:10.000000');
INSERT INTO e_code.team (id, caption, creation_date) VALUES (2, 'Вторая', '2020-03-31 12:46:49.975886');
INSERT INTO e_code.team (id, caption, creation_date) VALUES (3, 'Моя, третья', '2020-03-31 12:50:38.717790');INSERT INTO e_code.tick_list (id, tick_type, level_id, step, starts_from, finish_at, tick_info) VALUES (1, 'LEVEL_TIME', 22, 1, null, null, null);INSERT INTO e_code.tick_param_value_list (id, tick_id, param_code, param_type, param_value) VALUES (14, 1, 'DURATION', 'TIME', '1');INSERT INTO e_code.tick_step (id, team_id, tick_id, num_of_steps) VALUES (1, 1, 1, 0);INSERT INTO e_code.variable_list (id, variable_code, variable_type, game_id) VALUES (1, 'POINTS', 'NUMBER', null);
INSERT INTO e_code.variable_list (id, variable_code, variable_type, game_id) VALUES (2, 'DURATION', 'TIME', null);
INSERT INTO e_code.variable_list (id, variable_code, variable_type, game_id) VALUES (3, '_GAME_POINTS', 'NUMBER', 19);
INSERT INTO e_code.variable_list (id, variable_code, variable_type, game_id) VALUES (4, 'TIME_FROM', 'TIME', null);
INSERT INTO e_code.variable_list (id, variable_code, variable_type, game_id) VALUES (5, 'TIME_TO', 'TIME', null);